,Name,Year,Category,Countries,Gender
0,Frédéric Passy,1901,Peace,France,Man
1,Sully Prudhomme,1901,Literature,France,Man
2,Emil Adolf von Behring,1901,Physiology or Medicine,Germany,Man
3,Wilhelm Röntgen,1901,Physics,Germany,Man
4,Jacobus Henricus van 't Hoff,1901,Chemistry,Netherlands,Man
5,Henry Dunant,1901,Peace,Switzerland,Man
6,Hermann Emil Fischer,1902,Chemistry,Germany,Man
7,Theodor Mommsen,1902,Literature,Germany,Man
8,Ronald Ross,1902,Physiology or Medicine,"India, United Kingdom",Man
9,Hendrik Lorentz,1902,Physics,Netherlands,Man
10,Pieter Zeeman,1902,Physics,Netherlands,Man
11,Charles Albert Gobat,1902,Peace,Switzerland,Man
12,Élie Ducommun,1902,Peace,Switzerland,Man
13,Henri Becquerel,1903,Physics,France,Man
14,Randal Cremer,1903,Peace,United Kingdom,Man
15,Niels Ryberg Finsen,1903,Physiology or Medicine,"Denmark, Faroe Islands",Man
16,Pierre Curie,1903,Physics,France,Man
17,Bjørnstjerne Bjørnson,1903,Literature,Norway,Man
18,Svante Arrhenius,1903,Chemistry,Sweden,Man
19,Lord Rayleigh,1904,Physics,United Kingdom,Man
20,Frédéric Mistral,1904,Literature,France,Man
21,Ivan Pavlov,1904,Physiology or Medicine,Russia and Soviet Union,Man
22,José Echegaray,1904,Literature,Spain,Man
23,William Ramsay,1904,Chemistry,United Kingdom,Man
24,Adolf von Baeyer,1905,Chemistry,Germany,Man
25,Robert Koch,1905,Physiology or Medicine,Germany,Man
26,Philipp Lenard,1905,Physics,"Germany, Hungary",Man
27,Henryk Sienkiewicz,1905,Literature,"Poland, Russia and Soviet Union",Man
28,Henri Moissan,1906,Chemistry,France,Man
29,Camillo Golgi,1906,Physiology or Medicine,Italy,Man
30,Giosuè Carducci,1906,Literature,Italy,Man
31,Santiago Ramón y Cajal,1906,Physiology or Medicine,Spain,Man
32,J. J. Thomson,1906,Physics,United Kingdom,Man
33,Theodore Roosevelt,1906,Peace,United States,Man
34,Charles Louis Alphonse Laveran,1907,Physiology or Medicine,France,Man
35,Louis Renault,1907,Peace,France,Man
36,Eduard Buchner,1907,Chemistry,Germany,Man
37,Rudyard Kipling,1907,Literature,"India, United Kingdom",Man
38,Ernesto Teodoro Moneta,1907,Peace,Italy,Man
39,Albert Abraham Michelson,1907,Physics,"Poland, United States",Man
40,Fredrik Bajer,1908,Peace,Denmark,Man
41,Gabriel Lippmann,1908,Physics,"France, Luxembourg",Man
42,Paul Ehrlich,1908,Physiology or Medicine,Germany,Man
43,Rudolf Christoph Eucken,1908,Literature,Germany,Man
44,Ernest Rutherford,1908,Chemistry,"New Zealand, United Kingdom, Canada",Man
45,Élie Metchnikoff,1908,Physiology or Medicine,Russia and Soviet Union,Man
46,Klas Pontus Arnoldson,1908,Peace,Sweden,Man
47,Emil Theodor Kocher,1909,Physiology or Medicine,Switzerland,Man
48,Auguste Marie François Beernaert,1909,Peace,Belgium,Man
49,Paul-Henri-Benjamin d'Estournelles de Constant,1909,Peace,France,Man
50,Karl Ferdinand Braun,1909,Physics,Germany,Man
51,Wilhelm Ostwald,1909,Chemistry,Germany,Man
52,Guglielmo Marconi,1909,Physics,Italy,Man
53,Albrecht Kossel,1910,Physiology or Medicine,Germany,Man
54,Otto Wallach,1910,Chemistry,Germany,Man
55,Paul Heyse,1910,Literature,Germany,Man
56,Johannes Diderik van der Waals,1910,Physics,Netherlands,Man
57,Alfred Hermann Fried,1911,Peace,Austria,Man
58,Maurice Maeterlinck,1911,Literature,Belgium,Man
59,Wilhelm Wien,1911,Physics,Germany,Man
60,Tobias Asser,1911,Peace,Netherlands,Man
61,Allvar Gullstrand,1911,Physiology or Medicine,Sweden,Man
62,Alexis Carrel,1912,Physiology or Medicine,France,Man
63,Paul Sabatier,1912,Chemistry,France,Man
64,Victor Grignard,1912,Chemistry,France,Man
65,Gerhart Hauptmann,1912,Literature,Germany,Man
66,Gustaf Dalén,1912,Physics,Sweden,Man
67,Elihu Root,1912,Peace,United States,Man
68,Henri La Fontaine,1913,Peace,Belgium,Man
69,Charles Richet,1913,Physiology or Medicine,France,Man
70,Alfred Werner,1913,Chemistry,"France, Switzerland",Man
71,Rabindranath Tagore,1913,Literature,India,Man
72,Heike Kamerlingh Onnes,1913,Physics,Netherlands,Man
73,Robert Bárány,1914,Physiology or Medicine,"Austria, Hungary",Man
74,Max von Laue,1914,Physics,Germany,Man
75,Theodore W. Richards,1914,Chemistry,United States,Man
76,William Lawrence Bragg,1915,Physics,"Australia, United Kingdom",Man
77,Romain Rolland,1915,Literature,France,Man
78,Richard Willstätter,1915,Chemistry,Germany,Man
79,William Henry Bragg,1915,Physics,United Kingdom,Man
80,Verner von Heidenstam,1916,Literature,Sweden,Man
81,Henrik Pontoppidan,1917,Literature,Denmark,Man
82,Karl Adolph Gjellerup,1917,Literature,Denmark,Man
83,Charles Glover Barkla,1917,Physics,United Kingdom,Man
84,Fritz Haber,1918,Chemistry,Germany,Man
85,Max Planck,1918,Physics,Germany,Man
86,Jules Bordet,1919,Physiology or Medicine,Belgium,Man
87,Johannes Stark,1919,Physics,Germany,Man
88,Carl Spitteler,1919,Literature,Switzerland,Man
89,Woodrow Wilson,1919,Peace,United States,Man
90,August Krogh,1920,Physiology or Medicine,Denmark,Man
91,Léon Bourgeois,1920,Peace,France,Man
92,Walther Nernst,1920,Chemistry,Germany,Man
93,Knut Hamsun,1920,Literature,Norway,Man
94,Charles Édouard Guillaume,1920,Physics,Switzerland,Man
95,Anatole France,1921,Literature,France,Man
96,Albert Einstein,1921,Physics,"Germany, Switzerland",Man
97,Christian Lous Lange,1921,Peace,Norway,Man
98,Hjalmar Branting,1921,Peace,Sweden,Man
99,Frederick Soddy,1921,Chemistry,United Kingdom,Man
100,Niels Bohr,1922,Physics,Denmark,Man
101,Otto Fritz Meyerhof,1922,Physiology or Medicine,Germany,Man
102,Fridtjof Nansen,1922,Peace,Norway,Man
103,Jacinto Benavente,1922,Literature,Spain,Man
104,Francis William Aston,1922,Chemistry,United Kingdom,Man
105,Archibald Hill,1922,Physiology or Medicine,United Kingdom,Man
106,Fritz Pregl,1923,Chemistry,Austria,Man
107,Frederick Banting,1923,Physiology or Medicine,Canada,Man
108,John James Rickard Macleod,1923,Physiology or Medicine,"Canada, United Kingdom",Man
109,W. B. Yeats,1923,Literature,Ireland,Man
110,Robert Andrews Millikan,1923,Physics,United States,Man
111,Manne Siegbahn,1924,Physics,Sweden,Man
112,Willem Einthoven,1924,Physiology or Medicine,Netherlands,Man
113,Władysław Reymont,1924,Literature,"Poland, Russia and Soviet Union",Man
114,Richard Adolf Zsigmondy,1925,Chemistry,"Austria, Hungary",Man
115,Gustav Ludwig Hertz,1925,Physics,Germany,Man
116,James Franck,1925,Physics,Germany,Man
117,George Bernard Shaw,1925,Literature,"Ireland, United Kingdom",Man
118,Austen Chamberlain,1925,Peace,United Kingdom,Man
119,Charles G. Dawes,1925,Peace,United States,Man
120,Johannes Fibiger,1926,Physiology or Medicine,Denmark,Man
121,Aristide Briand,1926,Peace,France,Man
122,Jean Baptiste Perrin,1926,Physics,France,Man
123,Gustav Stresemann,1926,Peace,Germany,Man
124,Theodor Svedberg,1926,Chemistry,Sweden,Man
125,Julius Wagner-Jauregg,1927,Physiology or Medicine,Austria,Man
126,Ferdinand Buisson,1927,Peace,France,Man
127,Henri Bergson,1927,Literature,France,Man
128,Heinrich Otto Wieland,1927,Chemistry,Germany,Man
129,Ludwig Quidde,1927,Peace,Germany,Man
130,Charles Thomson Rees Wilson,1927,Physics,United Kingdom,Man
131,Arthur Compton,1927,Physics,United States,Man
132,Charles Nicolle,1928,Physiology or Medicine,France,Man
133,Adolf Otto Reinhold Windaus,1928,Chemistry,Germany,Man
134,Owen Willans Richardson,1928,Physics,United Kingdom,Man
135,Louis de Broglie,1929,Physics,France,Man
136,Thomas Mann,1929,Literature,Germany,Man
137,Hans von Euler-Chelpin,1929,Chemistry,"Germany, Sweden",Man
138,Christiaan Eijkman,1929,Physiology or Medicine,Netherlands,Man
139,Arthur Harden,1929,Chemistry,United Kingdom,Man
140,Frederick Gowland Hopkins,1929,Physiology or Medicine,United Kingdom,Man
141,Frank B. Kellogg,1929,Peace,United States,Man
142,Karl Landsteiner,1930,Physiology or Medicine,Austria,Man
143,Hans Fischer,1930,Chemistry,Germany,Man
144,C. V. Raman,1930,Physics,India,Man
145,Nathan Söderblom,1930,Peace,Sweden,Man
146,Sinclair Lewis,1930,Literature,United States,Man
147,Carl Bosch,1931,Chemistry,Germany,Man
148,Friedrich Bergius,1931,Chemistry,Germany,Man
149,Otto Heinrich Warburg,1931,Physiology or Medicine,Germany,Man
150,Erik Axel Karlfeldt,1931,Literature,Sweden,Man
151,Nicholas Murray Butler,1931,Peace,United States,Man
152,Werner Heisenberg,1932,Physics,Germany,Man
153,Charles Scott Sherrington,1932,Physiology or Medicine,United Kingdom,Man
154,Edgar Adrian,1932,Physiology or Medicine,United Kingdom,Man
155,John Galsworthy,1932,Literature,United Kingdom,Man
156,Irving Langmuir,1932,Chemistry,United States,Man
157,Erwin Schrödinger,1933,Physics,Austria,Man
158,Ivan Bunin,1933,Literature,"France, Russia and Soviet Union",Man
159,Norman Angell,1933,Peace,United Kingdom,Man
160,Paul Dirac,1933,Physics,United Kingdom,Man
161,Thomas Hunt Morgan,1933,Physiology or Medicine,United States,Man
162,Luigi Pirandello,1934,Literature,Italy,Man
163,Arthur Henderson,1934,Peace,United Kingdom,Man
164,Harold Urey,1934,Chemistry,United States,Man
165,William P. Murphy,1934,Physiology or Medicine,United States,Man
166,George Minot,1934,Physiology or Medicine,United States,Man
167,George Whipple,1934,Physiology or Medicine,United States,Man
168,Frédéric Joliot-Curie,1935,Chemistry,France,Man
169,Carl von Ossietzky,1935,Peace,Germany,Man
170,Hans Spemann,1935,Physiology or Medicine,Germany,Man
171,James Chadwick,1935,Physics,United Kingdom,Man
172,Carlos Saavedra Lamas,1936,Peace,Argentina,Man
173,Victor Francis Hess,1936,Physics,Austria,Man
174,Otto Loewi,1936,Physiology or Medicine,"Austria, Germany",Man
175,Peter Debye,1936,Chemistry,Netherlands,Man
176,Henry Hallett Dale,1936,Physiology or Medicine,United Kingdom,Man
177,Eugene O'Neill,1936,Literature,United States,Man
178,Carl David Anderson,1936,Physics,United States,Man
179,Roger Martin du Gard,1937,Literature,France,Man
180,Albert Szent-Györgyi,1937,Physiology or Medicine,Hungary,Man
181,Paul Karrer,1937,Chemistry,Switzerland,Man
182,George Paget Thomson,1937,Physics,United Kingdom,Man
183,Norman Haworth,1937,Chemistry,United Kingdom,Man
184,Clinton Davisson,1937,Physics,United States,Man
185,Richard Kuhn,1938,Chemistry,"Austria, Germany",Man
186,Corneille Heymans,1938,Physiology or Medicine,Belgium,Man
187,Enrico Fermi,1938,Physics,Italy,Man
188,Leopold Ružička,1939,Chemistry,"Croatia, Switzerland",Man
189,Frans Eemil Sillanpää,1939,Literature,Finland,Man
190,Adolf Butenandt,1939,Chemistry,Germany,Man
191,Gerhard Domagk,1939,Physiology or Medicine,Germany,Man
192,Ernest Lawrence,1939,Physics,United States,Man
193,Henrik Dam,1943,Physiology or Medicine,Denmark,Man
194,Otto Stern,1943,Physics,"Germany, United States",Man
195,George de Hevesy,1943,Chemistry,Hungary,Man
196,Edward Adelbert Doisy,1943,Physiology or Medicine,United States,Man
197,Johannes Vilhelm Jensen,1944,Literature,Denmark,Man
198,Otto Hahn,1944,Chemistry,Germany,Man
199,Isidor Isaac Rabi,1944,Physics,"Poland, United States",Man
200,Joseph Erlanger,1944,Physiology or Medicine,United States,Man
201,Herbert Spencer Gasser,1944,Physiology or Medicine,United States,Man
202,Howard Florey,1945,Physiology or Medicine,Australia,Man
203,Wolfgang Pauli,1945,Physics,Austria,Man
204,Artturi Ilmari Virtanen,1945,Chemistry,Finland,Man
205,Ernst Boris Chain,1945,Physiology or Medicine,"Germany, United Kingdom",Man
206,Alexander Fleming,1945,Physiology or Medicine,United Kingdom,Man
207,Cordell Hull,1945,Peace,United States,Man
208,Hermann Hesse,1946,Literature,"Germany, Switzerland",Man
209,James B. Sumner,1946,Chemistry,United States,Man
210,John Howard Northrop,1946,Chemistry,United States,Man
211,Hermann Joseph Muller,1946,Physiology or Medicine,United States,Man
212,John Mott,1946,Peace,United States,Man
213,Percy Williams Bridgman,1946,Physics,United States,Man
214,Wendell Meredith Stanley,1946,Chemistry,United States,Man
215,Bernardo Houssay,1947,Physiology or Medicine,Argentina,Man
216,Carl Ferdinand Cori,1947,Physiology or Medicine,"Czech Republic, United States",Man
217,André Gide,1947,Literature,France,Man
218,Edward Victor Appleton,1947,Physics,United Kingdom,Man
219,Robert Robinson,1947,Chemistry,United Kingdom,Man
220,Arne Tiselius,1948,Chemistry,Sweden,Man
221,Paul Hermann Müller,1948,Physiology or Medicine,Switzerland,Man
222,Patrick Blackett,1948,Physics,United Kingdom,Man
223,T. S. Eliot,1948,Literature,"United Kingdom, United States",Man
224,William Giauque,1949,Chemistry,"Canada, United States",Man
225,Hideki Yukawa,1949,Physics,Japan,Man
226,António Egas Moniz,1949,Physiology or Medicine,Portugal,Man
227,Walter Rudolf Hess,1949,Physiology or Medicine,Switzerland,Man
228,John Boyd Orr,1949,Peace,United Kingdom,Man
229,William Faulkner,1949,Literature,United States,Man
230,C. F. Powell,1950,Physics,United Kingdom,Man
231,Tadeus Reichstein,1950,Physiology or Medicine,"Poland, Switzerland",Man
232,Kurt Alder,1950,Chemistry,Germany,Man
233,Otto Diels,1950,Chemistry,Germany,Man
234,Bertrand Russell,1950,Literature,United Kingdom,Man
235,Edward Calvin Kendall,1950,Physiology or Medicine,United States,Man
236,Philip Showalter Hench,1950,Physiology or Medicine,United States,Man
237,Ralph Bunche,1950,Peace,United States,Man
238,Léon Jouhaux,1951,Peace,France,Man
239,Ernest Walton,1951,Physics,Ireland,Man
240,Max Theiler,1951,Physiology or Medicine,South Africa,Man
241,Pär Lagerkvist,1951,Literature,Sweden,Man
242,John Cockcroft,1951,Physics,United Kingdom,Man
243,Edwin McMillan,1951,Chemistry,United States,Man
244,Glenn T. Seaborg,1951,Chemistry,United States,Man
245,Edward Mills Purcell,1952,Physics,United States,Man
246,François Mauriac,1952,Literature,France,Man
247,Albert Schweitzer,1952,Peace,"France, Germany",Man
248,Felix Bloch,1952,Physics,"Switzerland, United States",Man
249,Selman Waksman,1952,Physiology or Medicine,"Ukraine, United States",Man
250,Archer John Porter Martin,1952,Chemistry,United Kingdom,Man
251,Richard Laurence Millington Synge,1952,Chemistry,United Kingdom,Man
252,Hermann Staudinger,1953,Chemistry,Germany,Man
253,Hans Adolf Krebs,1953,Physiology or Medicine,"Germany, United Kingdom",Man
254,Fritz Albert Lipmann,1953,Physiology or Medicine,"Germany, United States",Man
255,Frits Zernike,1953,Physics,Netherlands,Man
256,Winston Churchill,1953,Literature,United Kingdom,Man
257,George Marshall,1953,Peace,United States,Man
258,Walther Bothe,1954,Physics,Germany,Man
259,Max Born,1954,Physics,"Germany, United Kingdom",Man
260,Ernest Hemingway,1954,Literature,United States,Man
261,Frederick Chapman Robbins,1954,Physiology or Medicine,United States,Man
262,John Franklin Enders,1954,Physiology or Medicine,United States,Man
263,Linus Pauling,1954,Chemistry,United States,Man
264,Thomas Huckle Weller,1954,Physiology or Medicine,United States,Man
265,Polykarp Kusch,1955,Physics,"Germany, United States",Man
266,Halldór Laxness,1955,Literature,Iceland,Man
267,Hugo Theorell,1955,Physiology or Medicine,Sweden,Man
268,Vincent du Vigneaud,1955,Chemistry,United States,Man
269,Willis Lamb,1955,Physics,United States,Man
270,André Frédéric Cournand,1956,Physiology or Medicine,France,Man
271,Werner Forssmann,1956,Physiology or Medicine,Germany,Man
272,Nikolay Semyonov,1956,Chemistry,Russia and Soviet Union,Man
273,Juan Ramón Jiménez,1956,Literature,Spain,Man
274,Cyril Norman Hinshelwood,1956,Chemistry,United Kingdom,Man
275,Dickinson W. Richards,1956,Physiology or Medicine,United States,Man
276,John Bardeen,1956,Physics,United States,Man
277,Walter Houser Brattain,1956,Physics,United States,Man
278,William Shockley,1956,Physics,United States,Man
279,The Lord Todd,1957,Chemistry,United Kingdom,Man
280,Lester B. Pearson,1957,Peace,Canada,Man
281,Tsung-Dao Lee,1957,Physics,"China, Republic of, United States",Man
282,Albert Camus,1957,Literature,France,Man
283,Daniel Bovet,1957,Physiology or Medicine,"Italy, Switzerland",Man
284,Chen Ning Yang,1957,Physics,United States,Man
285,Dominique Pire,1958,Peace,Belgium,Man
286,Boris Pasternak,1958,Literature,Russia and Soviet Union,Man
287,Igor Tamm,1958,Physics,Russia and Soviet Union,Man
288,Pavel Cherenkov,1958,Physics,Russia and Soviet Union,Man
289,Ilya Frank,1958,Physics,Russia and Soviet Union,Man
290,Frederick Sanger,1958,Chemistry,United Kingdom,Man
291,Joshua Lederberg,1958,Physiology or Medicine,United States,Man
292,Edward Lawrie Tatum,1958,Physiology or Medicine,United States,Man
293,George Wells Beadle,1958,Physiology or Medicine,United States,Man
294,Jaroslav Heyrovský,1959,Chemistry,Czech Republic,Man
295,Salvatore Quasimodo,1959,Literature,Italy,Man
296,Emilio G. Segrè,1959,Physics,"Italy, United States",Man
297,Severo Ochoa,1959,Physiology or Medicine,"Spain, United States",Man
298,Philip Noel-Baker,1959,Peace,United Kingdom,Man
299,Arthur Kornberg,1959,Physiology or Medicine,United States,Man
300,Owen Chamberlain,1959,Physics,United States,Man
301,Frank Macfarlane Burnet,1960,Physiology or Medicine,Australia,Man
302,Peter Medawar,1960,Physiology or Medicine,"Brazil, United Kingdom",Man
303,Saint-John Perse,1960,Literature,France,Man
304,Albert Lutuli,1960,Peace,South Africa,Man
305,Donald A. Glaser,1960,Physics,United States,Man
306,Willard Libby,1960,Chemistry,United States,Man
307,Ivo Andrić,1961,Literature,Bosnia and Herzegovina,Man
308,Rudolf Mössbauer,1961,Physics,Germany,Man
309,Georg von Békésy,1961,Physiology or Medicine,"Hungary, United States",Man
310,Dag Hammarskjöld,1961,Peace,Sweden,Man
311,Melvin Calvin,1961,Chemistry,United States,Man
312,Robert Hofstadter,1961,Physics,United States,Man
313,Max Perutz,1962,Chemistry,"Austria, United Kingdom",Man
314,Maurice Wilkins,1962,Physiology or Medicine,"New Zealand, United Kingdom",Man
315,Lev Landau,1962,Physics,Russia and Soviet Union,Man
316,Francis Crick,1962,Physiology or Medicine,United Kingdom,Man
317,John Kendrew,1962,Chemistry,United Kingdom,Man
318,James D. Watson,1962,Physiology or Medicine,United States,Man
319,John Steinbeck,1962,Literature,United States,Man
320,Linus Pauling,1962,Peace,United States,Man
321,John Eccles,1963,Physiology or Medicine,Australia,Man
322,J. Hans D. Jensen,1963,Physics,Germany,Man
323,Karl Ziegler,1963,Chemistry,Germany,Man
324,Giorgos Seferis,1963,Literature,Greece,Man
325,Eugene Wigner,1963,Physics,"Hungary, United States",Man
326,Giulio Natta,1963,Chemistry,Italy,Man
327,Alan Lloyd Hodgkin,1963,Physiology or Medicine,United Kingdom,Man
328,Andrew Huxley,1963,Physiology or Medicine,United Kingdom,Man
329,Jean-Paul Sartre[d],1964,Literature,France,Man
330,Feodor Felix Konrad Lynen,1964,Physiology or Medicine,Germany,Man
331,Konrad Emil Bloch,1964,Physiology or Medicine,"Germany, United States",Man
332,Alexander Prokhorov,1964,Physics,Russia and Soviet Union,Man
333,Nikolay Basov,1964,Physics,Russia and Soviet Union,Man
334,Charles Hard Townes,1964,Physics,United States,Man
335,"Martin Luther King, Jr.",1964,Peace,United States,Man
336,François Jacob,1965,Physiology or Medicine,France,Man
337,Jacques Monod,1965,Physiology or Medicine,France,Man
338,André Michel Lwoff,1965,Physiology or Medicine,France,Man
339,Sin-Itiro Tomonaga,1965,Physics,Japan,Man
340,Mikhail Sholokhov,1965,Literature,Russia and Soviet Union,Man
341,Julian Schwinger,1965,Physics,United States,Man
342,Richard Feynman,1965,Physics,United States,Man
343,Robert Burns Woodward,1965,Chemistry,United States,Man
344,Charles Brenton Huggins,1966,Physiology or Medicine,"Canada, United States",Man
345,Alfred Kastler,1966,Physics,France,Man
346,Shmuel Yosef Agnon,1966,Literature,"Israel, Ukraine",Man
347,Francis Peyton Rous,1966,Physiology or Medicine,United States,Man
348,Robert S. Mulliken,1966,Chemistry,United States,Man
349,Ragnar Granit,1967,Physiology or Medicine,"Finland, Sweden",Man
350,Manfred Eigen,1967,Chemistry,Germany,Man
351,Hans Bethe,1967,Physics,"Germany, United States",Man
352,Miguel Ángel Asturias,1967,Literature,Guatemala,Man
353,George Porter,1967,Chemistry,United Kingdom,Man
354,Ronald George Wreyford Norrish,1967,Chemistry,United Kingdom,Man
355,George Wald,1967,Physiology or Medicine,United States,Man
356,Haldan Keffer Hartline,1967,Physiology or Medicine,United States,Man
357,René Cassin,1968,Peace,France,Man
358,Har Gobind Khorana,1968,Physiology or Medicine,"India, United States",Man
359,Yasunari Kawabata,1968,Literature,Japan,Man
360,Lars Onsager,1968,Chemistry,"Norway, United States",Man
361,Marshall Warren Nirenberg,1968,Physiology or Medicine,United States,Man
362,Robert W. Holley,1968,Physiology or Medicine,United States,Man
363,Luis Walter Alvarez,1968,Physics,United States,Man
364,Max Delbrück,1969,Physiology or Medicine,"Germany, United States",Man
365,Samuel Beckett,1969,Literature,Ireland,Man
366,Salvador Luria,1969,Physiology or Medicine,"Italy, United States",Man
367,Jan Tinbergen,1969,Economics,Netherlands,Man
368,Odd Hassel,1969,Chemistry,Norway,Man
369,Ragnar Frisch,1969,Economics,Norway,Man
370,Derek Barton,1969,Chemistry,United Kingdom,Man
371,Alfred Hershey,1969,Physiology or Medicine,United States,Man
372,Murray Gell-Mann,1969,Physics,United States,Man
373,Luis Federico Leloir,1970,Chemistry,"Argentina, France",Man
374,Louis Néel,1970,Physics,France,Man
375,Bernard Katz,1970,Physiology or Medicine,"Germany, United Kingdom",Man
376,Aleksandr Solzhenitsyn,1970,Literature,Russia and Soviet Union,Man
377,Hannes Alfvén,1970,Physics,Sweden,Man
378,Ulf von Euler,1970,Physiology or Medicine,Sweden,Man
379,Julius Axelrod,1970,Physiology or Medicine,United States,Man
380,Norman Borlaug,1970,Peace,United States,Man
381,Paul Samuelson,1970,Economics,United States,Man
382,Gerhard Herzberg,1971,Chemistry,"Canada, Germany",Man
383,Pablo Neruda,1971,Literature,Chile,Man
384,Willy Brandt,1971,Peace,Germany,Man
385,Dennis Gabor,1971,Physics,"Hungary, United Kingdom",Man
386,Simon Kuznets,1971,Economics,"Russia and Soviet Union, United States",Man
387,"Earl Wilbur Sutherland, Jr.",1971,Physiology or Medicine,United States,Man
388,Heinrich Böll,1972,Literature,Germany,Man
389,John Hicks,1972,Economics,United Kingdom,Man
390,Rodney Robert Porter,1972,Physiology or Medicine,United Kingdom,Man
391,Gerald Edelman,1972,Physiology or Medicine,United States,Man
392,John Bardeen,1972,Physics,United States,Man
393,Stanford Moore,1972,Chemistry,United States,Man
394,Christian B. Anfinsen,1972,Chemistry,United States,Man
395,John Robert Schrieffer,1972,Physics,United States,Man
396,Kenneth Arrow,1972,Economics,United States,Man
397,Leon Cooper,1972,Physics,United States,Man
398,William Howard Stein,1972,Chemistry,United States,Man
399,Le Duc Tho,1973,Peace,Vietnam,Man
400,Patrick White,1973,Literature,"Australia, United Kingdom",Man
401,Konrad Lorenz,1973,Physiology or Medicine,Austria,Man
402,Karl von Frisch,1973,Physiology or Medicine,"Austria, Germany",Man
403,Ernst Otto Fischer,1973,Chemistry,Germany,Man
404,Leo Esaki,1973,Physics,Japan,Man
405,Nikolaas Tinbergen,1973,Physiology or Medicine,"Netherlands, United Kingdom",Man
406,Ivar Giaever,1973,Physics,"Norway, United States",Man
407,Brian David Josephson,1973,Physics,United Kingdom,Man
408,Geoffrey Wilkinson,1973,Chemistry,United Kingdom,Man
409,Henry Kissinger,1973,Peace,United States,Man
410,Wassily Leontief,1973,Economics,United States,Man
411,Friedrich Hayek,1974,Economics,"Austria, United Kingdom",Man
412,Albert Claude,1974,Physiology or Medicine,Belgium,Man
413,Christian de Duve,1974,Physiology or Medicine,"Belgium, United Kingdom",Man
414,Seán MacBride,1974,Peace,"France, Ireland",Man
415,Eisaku Satō,1974,Peace,Japan,Man
416,George Emil Palade,1974,Physiology or Medicine,"Romania, United States",Man
417,Eyvind Johnson,1974,Literature,Sweden,Man
418,Gunnar Myrdal,1974,Economics,Sweden,Man
419,Harry Martinson,1974,Literature,Sweden,Man
420,Antony Hewish,1974,Physics,United Kingdom,Man
421,Martin Ryle,1974,Physics,United Kingdom,Man
422,Paul Flory,1974,Chemistry,United States,Man
423,John Cornforth,1975,Chemistry,"Australia, United Kingdom",Man
424,Vladimir Prelog,1975,Chemistry,"Bosnia and Herzegovina, Croatia, Switzerland",Man
425,Aage Bohr,1975,Physics,Denmark,Man
426,Ben Roy Mottelson,1975,Physics,"Denmark, United States",Man
427,Eugenio Montale,1975,Literature,Italy,Man
428,Renato Dulbecco,1975,Physiology or Medicine,"Italy, United States",Man
429,Tjalling Koopmans,1975,Economics,"Netherlands, United States",Man
430,Andrei Sakharov,1975,Peace,Russia and Soviet Union,Man
431,Leonid Kantorovich,1975,Economics,Russia and Soviet Union,Man
432,David Baltimore,1975,Physiology or Medicine,United States,Man
433,Howard Martin Temin,1975,Physiology or Medicine,United States,Man
434,James Rainwater,1975,Physics,United States,Man
435,Saul Bellow,1976,Literature,"Canada, United States",Man
436,Samuel C. C. Ting,1976,Physics,"Taiwan (China, Republic of), United States",Man
437,Burton Richter,1976,Physics,United States,Man
438,Daniel Carleton Gajdusek,1976,Physiology or Medicine,United States,Man
439,Milton Friedman,1976,Economics,United States,Man
440,William Lipscomb,1976,Chemistry,United States,Man
441,Baruch Samuel Blumberg,1976,Physiology or Medicine,United States,Man
442,Ilya Prigogine,1977,Chemistry,"Belgium, Russia and Soviet Union",Man
443,Roger Guillemin,1977,Physiology or Medicine,"France, United States",Man
444,Andrew Schally,1977,Physiology or Medicine,"Poland, United States",Man
445,Vicente Aleixandre,1977,Literature,Spain,Man
446,Bertil Ohlin,1977,Economics,Sweden,Man
447,James Meade,1977,Economics,United Kingdom,Man
448,Nevill Francis Mott,1977,Physics,United Kingdom,Man
449,John Hasbrouck Van Vleck,1977,Physics,United States,Man
450,Philip Warren Anderson,1977,Physics,United States,Man
451,Anwar Sadat,1978,Peace,Egypt,Man
452,Arno Allan Penzias,1978,Physics,"Germany, United States",Man
453,Menachem Begin,1978,Peace,"Israel, Poland, Russia and Soviet Union",Man
454,Isaac Bashevis Singer,1978,Literature,"Poland, United States",Man
455,Pyotr Kapitsa,1978,Physics,Russia and Soviet Union,Man
456,Werner Arber,1978,Physiology or Medicine,Switzerland,Man
457,Peter D. Mitchell,1978,Chemistry,United Kingdom,Man
458,Daniel Nathans,1978,Physiology or Medicine,United States,Man
459,Hamilton O. Smith,1978,Physiology or Medicine,United States,Man
460,Herbert A. Simon,1978,Economics,United States,Man
461,Robert Woodrow Wilson,1978,Physics,United States,Man
462,Arthur Lewis,1979,Economics,"Saint Lucia, United Kingdom",Man
463,Georg Wittig,1979,Chemistry,Germany,Man
464,Odysseas Elytis,1979,Literature,Greece,Man
465,Abdus Salam,1979,Physics,Pakistan,Man
466,Allan McLeod Cormack,1979,Physiology or Medicine,"South Africa, United States",Man
467,Godfrey Hounsfield,1979,Physiology or Medicine,United Kingdom,Man
468,Herbert C. Brown,1979,Chemistry,United States,Man
469,Steven Weinberg,1979,Physics,United States,Man
470,Theodore Schultz,1979,Economics,United States,Man
471,Sheldon Lee Glashow,1979,Physics,United States,Man
472,Adolfo Pérez Esquivel,1980,Peace,Argentina,Man
473,Jean Dausset,1980,Physiology or Medicine,France,Man
474,Czesław Miłosz,1980,Literature,"Lithuania, Poland, United States",Man
475,Frederick Sanger,1980,Chemistry,United Kingdom,Man
476,James Cronin,1980,Physics,United States,Man
477,Paul Berg,1980,Chemistry,United States,Man
478,Walter Gilbert,1980,Chemistry,United States,Man
479,George Davis Snell,1980,Physiology or Medicine,United States,Man
480,Lawrence Klein,1980,Economics,United States,Man
481,Val Logsdon Fitch,1980,Physics,United States,Man
482,Baruj Benacerraf,1980,Physiology or Medicine,"United States, Venezuela",Man
483,Elias Canetti,1981,Literature,"Bulgaria, United Kingdom",Man
484,David H. Hubel,1981,Physiology or Medicine,"Canada, United States",Man
485,Kenichi Fukui,1981,Chemistry,Japan,Man
486,Nicolaas Bloembergen,1981,Physics,"Netherlands, United States",Man
487,Roald Hoffmann,1981,Chemistry,"Poland, Ukraine, United States",Man
488,Kai Siegbahn,1981,Physics,Sweden,Man
489,Torsten Wiesel,1981,Physiology or Medicine,Sweden,Man
490,James Tobin,1981,Economics,United States,Man
491,Arthur Leonard Schawlow,1981,Physics,United States,Man
492,Roger Wolcott Sperry,1981,Physiology or Medicine,United States,Man
493,Gabriel García Márquez,1982,Literature,Colombia,Man
494,Aaron Klug,1982,Chemistry,"Lithuania, South Africa, United Kingdom",Man
495,Alfonso García Robles,1982,Peace,Mexico,Man
496,Bengt I. Samuelsson,1982,Physiology or Medicine,Sweden,Man
497,Sune Bergström,1982,Physiology or Medicine,Sweden,Man
498,John Vane,1982,Physiology or Medicine,United Kingdom,Man
499,Kenneth G. Wilson,1982,Physics,United States,Man
500,George Stigler,1982,Economics,United States,Man
501,Henry Taube,1983,Chemistry,"Canada, United States",Man
502,Gérard Debreu,1983,Economics,"France, United States",Man
503,Subrahmanyan Chandrasekhar,1983,Physics,"India, United States",Man
504,Lech Wałęsa,1983,Peace,Poland,Man
505,William Golding,1983,Literature,United Kingdom,Man
506,William Alfred Fowler,1983,Physics,United States,Man
507,Robert Bruce Merrifield,1984,Chemistry,United States,Man
508,César Milstein,1984,Physiology or Medicine,"Argentina, United Kingdom",Man
509,Jaroslav Seifert,1984,Literature,Czech Republic,Man
510,Niels Kaj Jerne,1984,Physiology or Medicine,"Denmark, United Kingdom",Man
511,Carlo Rubbia,1984,Physics,Italy,Man
512,Simon van der Meer,1984,Physics,Netherlands,Man
513,Desmond Tutu,1984,Peace,South Africa,Man
514,Georges J. F. Köhler,1984,Physiology or Medicine,"Switzerland, Germany",Man
515,Richard Stone,1984,Economics,United Kingdom,Man
516,Claude Simon,1985,Literature,France,Man
517,Klaus von Klitzing,1985,Physics,Germany,Man
518,Franco Modigliani,1985,Economics,"Italy, United States",Man
519,Herbert A. Hauptman,1985,Chemistry,United States,Man
520,Jerome Karle,1985,Chemistry,United States,Man
521,Joseph L. Goldstein,1985,Physiology or Medicine,United States,Man
522,Michael Stuart Brown,1985,Physiology or Medicine,United States,Man
523,John Polanyi,1986,Chemistry,"Canada, Germany, Hungary",Man
524,Ernst Ruska,1986,Physics,Germany,Man
525,Gerd Binnig,1986,Physics,Germany,Man
526,Wole Soyinka,1986,Literature,Nigeria,Man
527,Elie Wiesel,1986,Peace,"Romania, United States",Man
528,Heinrich Rohrer,1986,Physics,Switzerland,Man
529,Yuan T. Lee,1986,Chemistry,"Taiwan (China, Republic of), United States",Man
530,Dudley R. Herschbach,1986,Chemistry,United States,Man
531,James M. Buchanan,1986,Economics,United States,Man
532,Stanley Cohen,1986,Physiology or Medicine,United States,Man
533,Johannes Georg Bednorz,1987,Physics,Germany,Man
534,Óscar Arias,1987,Peace,Costa Rica,Man
535,Jean-Marie Lehn,1987,Chemistry,France,Man
536,Susumu Tonegawa,1987,Physiology or Medicine,Japan,Man
537,Joseph Brodsky,1987,Literature,"Russia and Soviet Union, United States",Man
538,Karl Alexander Müller,1987,Physics,Switzerland,Man
539,Charles J. Pedersen,1987,Chemistry,United States,Man
540,Donald J. Cram,1987,Chemistry,United States,Man
541,Robert Solow,1987,Economics,United States,Man
542,Naguib Mahfouz,1988,Literature,Egypt,Man
543,Maurice Allais,1988,Economics,France,Man
544,Hartmut Michel,1988,Chemistry,Germany,Man
545,Johann Deisenhofer,1988,Chemistry,Germany,Man
546,Robert Huber,1988,Chemistry,Germany,Man
547,Jack Steinberger,1988,Physics,"Germany, United States",Man
548,James W. Black,1988,Physiology or Medicine,United Kingdom,Man
549,George H. Hitchings,1988,Physiology or Medicine,United States,Man
550,Leon M. Lederman,1988,Physics,United States,Man
551,Melvin Schwartz,1988,Physics,United States,Man
552,Tenzin Gyatso (The 14th Dalai Lama),1989,Peace,Tibet,Man
553,Sidney Altman,1989,Chemistry,"Canada, United States",Man
554,Wolfgang Paul,1989,Physics,Germany,Man
555,Hans Georg Dehmelt,1989,Physics,"Germany, United States",Man
556,Trygve Haavelmo,1989,Economics,Norway,Man
557,Camilo José Cela,1989,Literature,Spain,Man
558,Harold E. Varmus,1989,Physiology or Medicine,United States,Man
559,J. Michael Bishop,1989,Physiology or Medicine,United States,Man
560,"Norman Foster Ramsey, Jr.",1989,Physics,United States,Man
561,Thomas Cech,1989,Chemistry,United States,Man
562,Richard E. Taylor,1990,Physics,Canada,Man
563,Octavio Paz,1990,Literature,Mexico,Man
564,Mikhail Gorbachev,1990,Peace,Russia and Soviet Union,Man
565,E. Donnall Thomas,1990,Physiology or Medicine,United States,Man
566,Elias James Corey,1990,Chemistry,United States,Man
567,William F. Sharpe,1990,Economics,United States,Man
568,Harry Markowitz,1990,Economics,United States,Man
569,Henry Way Kendall,1990,Physics,United States,Man
570,Jerome Isaac Friedman,1990,Physics,United States,Man
571,Joseph Murray,1990,Physiology or Medicine,United States,Man
572,Merton Miller,1990,Economics,United States,Man
573,Pierre-Gilles de Gennes,1991,Physics,France,Man
574,Bert Sakmann,1991,Physiology or Medicine,Germany,Man
575,Erwin Neher,1991,Physiology or Medicine,Germany,Man
576,Richard R. Ernst,1991,Chemistry,Switzerland,Man
577,Ronald Coase,1991,Economics,"United Kingdom, United States",Man
578,Rudolph A. Marcus,1992,Chemistry,"Canada, United States",Man
579,Georges Charpak,1992,Physics,"France, Poland, Ukraine",Man
580,Derek Walcott,1992,Literature,Saint Lucia,Man
581,Edwin G. Krebs,1992,Physiology or Medicine,United States,Man
582,Gary Becker,1992,Economics,United States,Man
583,Edmond H. Fischer,1992,Physiology or Medicine,"United States, Switzerland",Man
584,Michael Smith,1993,Chemistry,"Canada, United Kingdom",Man
585,F. W. de Klerk,1993,Peace,South Africa,Man
586,Nelson Mandela,1993,Peace,South Africa,Man
587,Richard J. Roberts,1993,Physiology or Medicine,United Kingdom,Man
588,Douglass North,1993,Economics,United States,Man
589,"Joseph Hooton Taylor, Jr.",1993,Physics,United States,Man
590,Kary Mullis,1993,Chemistry,United States,Man
591,Phillip Allen Sharp,1993,Physiology or Medicine,United States,Man
592,Robert Fogel,1993,Economics,United States,Man
593,Russell Alan Hulse,1993,Physics,United States,Man
594,Bertram Brockhouse,1994,Physics,Canada,Man
595,Reinhard Selten,1994,Economics,Germany,Man
596,George Andrew Olah,1994,Chemistry,"Hungary, United States",Man
597,John Harsanyi,1994,Economics,"Hungary, United States",Man
598,"John Forbes Nash, Jr.",1994,Economics,"Hungary, United States",Man
599,Yitzhak Rabin,1994,Peace,Israel,Man
600,Shimon Peres,1994,Peace,"Israel, Poland",Man
601,Kenzaburō Ōe,1994,Literature,Japan,Man
602,Yasser Arafat,1994,Peace,Palestine,Man
603,Alfred G. Gilman,1994,Physiology or Medicine,United States,Man
604,Martin Rodbell,1994,Physiology or Medicine,United States,Man
605,Clifford Shull,1994,Physics,United States,Man
606,Frank Sherwood Rowland,1995,Chemistry,United States,Man
607,Seamus Heaney,1995,Literature,Ireland,Man
608,Paul J. Crutzen,1995,Chemistry,"Germany, Netherlands",Man
609,Joseph Rotblat,1995,Peace,"Poland, United Kingdom",Man
610,Edward B. Lewis,1995,Physiology or Medicine,United States,Man
611,Eric F. Wieschaus,1995,Physiology or Medicine,United States,Man
612,Frederick Reines,1995,Physics,United States,Man
613,Martin Lewis Perl,1995,Physics,United States,Man
614,"Robert Lucas, Jr.",1995,Economics,United States,Man
615,Mario J. Molina,1995,Chemistry,"United States, Mexico",Man
616,Harry Kroto,1996,Chemistry,United Kingdom,Man
617,Peter C. Doherty,1996,Physiology or Medicine,Australia,Man
618,William Vickrey,1996,Economics,"Canada, United States",Man
619,Carlos Filipe Ximenes Belo,1996,Peace,"East Timor, Portugal",Man
620,José Ramos-Horta,1996,Peace,"East Timor, Portugal",Man
621,Rolf M. Zinkernagel,1996,Physiology or Medicine,Switzerland,Man
622,James Mirrlees,1996,Economics,United Kingdom,Man
623,Robert F. Curl Jr.,1996,Chemistry,United States,Man
624,David Lee,1996,Physics,United States,Man
625,Douglas Osheroff,1996,Physics,United States,Man
626,Richard Smalley,1996,Chemistry,United States,Man
627,Robert Coleman Richardson,1996,Physics,United States,Man
628,Myron Scholes,1997,Economics,"Canada, United States",Man
629,Jens Christian Skou,1997,Chemistry,Denmark,Man
630,Claude Cohen-Tannoudji,1997,Physics,France,Man
631,Dario Fo,1997,Literature,Italy,Man
632,John E. Walker,1997,Chemistry,United Kingdom,Man
633,Paul D. Boyer,1997,Chemistry,United States,Man
634,Robert C. Merton,1997,Economics,United States,Man
635,Stanley B. Prusiner,1997,Physiology or Medicine,United States,Man
636,Steven Chu,1997,Physics,United States,Man
637,William Daniel Phillips,1997,Physics,United States,Man
638,Walter Kohn,1998,Chemistry,"Austria, United States",Man
639,Daniel C. Tsui,1998,Physics,"China, People's Republic of, United States",Man
640,Amartya Sen,1998,Economics,India,Man
641,John Hume,1998,Peace,Ireland,Man
642,David Trimble,1998,Peace,"Ireland, United Kingdom",Man
643,José Saramago,1998,Literature,Portugal,Man
644,John Pople,1998,Chemistry,United Kingdom,Man
645,Ferid Murad,1998,Physiology or Medicine,United States,Man
646,Horst Ludwig Störmer,1998,Physics,United States,Man
647,Robert B. Laughlin,1998,Physics,United States,Man
648,Robert F. Furchgott,1998,Physiology or Medicine,United States,Man
649,Louis Ignarro,1998,Physiology or Medicine,United States,Man
650,Robert Mundell,1999,Economics,Canada,Man
651,Ahmed Zewail,1999,Chemistry,Egypt,Man
652,Günter Grass,1999,Literature,Germany,Man
653,Günter Blobel,1999,Physiology or Medicine,"Germany, United States",Man
654,Gerard 't Hooft,1999,Physics,Netherlands,Man
655,Martinus J. G. Veltman,1999,Physics,Netherlands,Man
656,Eric Kandel,2000,Physiology or Medicine,"Austria, United States",Man
657,Zhores Alferov,2000,Physics,"Belarus, Russia and Soviet Union",Man
658,Gao Xingjian,2000,Literature,"China, People's Republic of, France",Man
659,Herbert Kroemer,2000,Physics,Germany,Man
660,Hideki Shirakawa,2000,Chemistry,Japan,Man
661,Alan MacDiarmid,2000,Chemistry,"New Zealand, United States",Man
662,Alan J. Heeger,2000,Chemistry,"New Zealand, United States",Man
663,Kim Dae-jung,2000,Peace,South Korea,Man
664,Arvid Carlsson,2000,Physiology or Medicine,Sweden,Man
665,Jack Kilby,2000,Physics,United States,Man
666,Paul Greengard,2000,Physiology or Medicine,United States,Man
667,Daniel McFadden,2000,Economics,United States,Man
668,James Heckman,2000,Economics,United States,Man
669,Karl Barry Sharpless,2001,Chemistry,United States,Man
670,Michael Spence,2001,Economics,United States,Man
671,Wolfgang Ketterle,2001,Physics,Germany,Man
672,Kofi Annan,2001,Peace,Ghana,Man
673,Ryōji Noyori,2001,Chemistry,Japan,Man
674,V. S. Naipaul,2001,Literature,"Trinidad and Tobago, United Kingdom",Man
675,Paul Nurse,2001,Physiology or Medicine,United Kingdom,Man
676,Tim Hunt,2001,Physiology or Medicine,United Kingdom,Man
677,Leland H. Hartwell,2001,Physiology or Medicine,United States,Man
678,Carl Wieman,2001,Physics,United States,Man
679,Eric Allin Cornell,2001,Physics,United States,Man
680,George Akerlof,2001,Economics,United States,Man
681,Joseph Stiglitz,2001,Economics,United States,Man
682,William Standish Knowles,2001,Chemistry,United States,Man
683,Imre Kertész,2002,Literature,Hungary,Man
684,Daniel Kahneman,2002,Economics,"Israel, United States",Man
685,Riccardo Giacconi,2002,Physics,"Italy, United States",Man
686,Koichi Tanaka,2002,Chemistry,Japan,Man
687,Masatoshi Koshiba,2002,Physics,Japan,Man
688,Sydney Brenner,2002,Physiology or Medicine,"South Africa, United Kingdom, United States",Man
689,Kurt Wüthrich,2002,Chemistry,Switzerland,Man
690,John Sulston,2002,Physiology or Medicine,United Kingdom,Man
691,H. Robert Horvitz,2002,Physiology or Medicine,United States,Man
692,Jimmy Carter,2002,Peace,United States,Man
693,Vernon L. Smith,2002,Economics,United States,Man
694,John Fenn,2002,Chemistry,United States,Man
695,"Raymond Davis, Jr.",2002,Physics,United States,Man
696,Vitaly Ginzburg,2003,Physics,Russia and Soviet Union,Man
697,Alexei Alexeyevich Abrikosov,2003,Physics,"Russia and Soviet Union, United States",Man
698,J. M. Coetzee,2003,Literature,South Africa,Man
699,Peter Mansfield,2003,Physiology or Medicine,United Kingdom,Man
700,Clive Granger,2003,Economics,United Kingdom,Man
701,Anthony James Leggett,2003,Physics,"United Kingdom, United States",Man
702,Peter Agre,2003,Chemistry,United States,Man
703,Robert F. Engle,2003,Economics,United States,Man
704,Roderick MacKinnon,2003,Chemistry,United States,Man
705,Paul Lauterbur,2003,Physiology or Medicine,United States,Man
706,Hugh David Politzer,2004,Physics,United States,Man
707,Avram Hershko,2004,Chemistry,"Hungary, Israel",Man
708,Aaron Ciechanover,2004,Chemistry,Israel,Man
709,Finn E. Kydland,2004,Economics,Norway,Man
710,Edward C. Prescott,2004,Economics,United States,Man
711,Frank Wilczek,2004,Physics,United States,Man
712,Irwin Rose,2004,Chemistry,United States,Man
713,Richard Axel,2004,Physiology or Medicine,United States,Man
714,David Gross,2004,Physics,United States,Man
715,Robin Warren,2005,Physiology or Medicine,Australia,Man
716,Barry Marshall,2005,Physiology or Medicine,Australia,Man
717,Mohamed ElBaradei,2005,Peace,Egypt,Man
718,Yves Chauvin,2005,Chemistry,France,Man
719,Theodor W. Hänsch,2005,Physics,Germany,Man
720,Robert Aumann,2005,Economics,"Israel, United States",Man
721,Harold Pinter,2005,Literature,United Kingdom,Man
722,John L. Hall,2005,Physics,United States,Man
723,Richard R. Schrock,2005,Chemistry,United States,Man
724,Robert H. Grubbs,2005,Chemistry,United States,Man
725,Roy J. Glauber,2005,Physics,United States,Man
726,Thomas Schelling,2005,Economics,United States,Man
727,Muhammad Yunus,2006,Peace,Bangladesh,Man
728,Orhan Pamuk,2006,Literature,Turkey,Man
729,John C. Mather,2006,Physics,United States,Man
730,Roger D. Kornberg,2006,Chemistry,United States,Man
731,Andrew Fire,2006,Physiology or Medicine,United States,Man
732,Craig Mello,2006,Physiology or Medicine,United States,Man
733,Edmund Phelps,2006,Economics,United States,Man
734,George Smoot,2006,Physics,United States,Man
735,Martin Evans,2007,Physiology or Medicine,United Kingdom,Man
736,Peter Grünberg,2007,Physics,"Czech Republic, Germany",Man
737,Albert Fert,2007,Physics,France,Man
738,Gerhard Ertl,2007,Chemistry,Germany,Man
739,Mario Capecchi,2007,Physiology or Medicine,"Italy, United States",Man
740,Leonid Hurwicz,2007,Economics,"Poland, Russia and Soviet Union, United States",Man
741,Oliver Smithies,2007,Physiology or Medicine,"United Kingdom, United States",Man
742,Al Gore,2007,Peace,United States,Man
743,Eric Maskin,2007,Economics,United States,Man
744,Roger Myerson,2007,Economics,United States,Man
745,Martti Ahtisaari,2008,Peace,Finland,Man
746,J. M. G. Le Clézio,2008,Literature,France,Man
747,Luc Montagnier,2008,Physiology or Medicine,France,Man
748,Harald zur Hausen,2008,Physiology or Medicine,Germany,Man
749,Makoto Kobayashi,2008,Physics,Japan,Man
750,Toshihide Maskawa,2008,Physics,Japan,Man
751,Osamu Shimomura,2008,Chemistry,"Japan, United States",Man
752,Yoichiro Nambu,2008,Physics,"Japan, United States",Man
753,Martin Chalfie,2008,Chemistry,United States,Man
754,Paul Krugman,2008,Economics,United States,Man
755,Roger Y. Tsien,2008,Chemistry,United States,Man
756,Jack W. Szostak,2009,Physiology or Medicine,"Canada, United States",Man
757,Willard S. Boyle,2009,Physics,"Canada, United States",Man
758,Charles K. Kao,2009,Physics,"China, Republic of, Hong Kong, United Kingdom, United States",Man
759,Venkatraman Ramakrishnan,2009,Chemistry,"India, United States",Man
760,George E. Smith,2009,Physics,United States,Man
761,Thomas A. Steitz,2009,Chemistry,United States,Man
762,Barack Obama,2009,Peace,United States,Man
763,Liu Xiaobo,2010,Peace,"China, People's Republic of",Man
764,Christopher A. Pissarides,2010,Economics,"Cyprus, United Kingdom",Man
765,Akira Suzuki,2010,Chemistry,Japan,Man
766,Ei-ichi Negishi,2010,Chemistry,"Japan, United States",Man
767,Andre Geim,2010,Physics,"Netherlands, Russia and Soviet Union",Man
768,Mario Vargas Llosa,2010,Literature,"Peru, Spain",Man
769,Konstantin Novoselov,2010,Physics,"Russia and Soviet Union, United Kingdom",Man
770,Robert G. Edwards,2010,Physiology or Medicine,United Kingdom,Man
771,Dale T. Mortensen,2010,Economics,United States,Man
772,Peter A. Diamond,2010,Economics,United States,Man
773,Richard F. Heck,2010,Chemistry,United States,Man
774,Brian Schmidt,2011,Physics,Australia,Man
775,Ralph M. Steinman,2011,Physiology or Medicine,"Canada, United States",Man
776,Jules A. Hoffmann,2011,Physiology or Medicine,"France, Luxembourg",Man
777,Dan Shechtman,2011,Chemistry,Israel,Man
778,Tomas Tranströmer,2011,Literature,Sweden,Man
779,Adam G. Riess,2011,Physics,United States,Man
780,Bruce Beutler,2011,Physiology or Medicine,United States,Man
781,Christopher A. Sims,2011,Economics,United States,Man
782,Saul Perlmutter,2011,Physics,United States,Man
783,Thomas J. Sargent,2011,Economics,United States,Man
784,Mo Yan,2012,Literature,"China, People's Republic of",Man
785,Serge Haroche,2012,Physics,France,Man
786,Shinya Yamanaka,2012,Physiology or Medicine,Japan,Man
787,John B. Gurdon,2012,Physiology or Medicine,United Kingdom,Man
788,Alvin E. Roth,2012,Economics,United States,Man
789,Brian K. Kobilka,2012,Chemistry,United States,Man
790,David J. Wineland,2012,Physics,United States,Man
791,Lloyd S. Shapley,2012,Economics,United States,Man
792,Robert J. Lefkowitz,2012,Chemistry,United States,Man
793,Martin Karplus,2013,Chemistry,"Austria, United States",Man
794,François Englert,2013,Physics,Belgium,Man
795,Thomas C. Südhof,2013,Physiology or Medicine,"Germany, United States",Man
796,Michael Levitt,2013,Chemistry,"Israel, South Africa, United Kingdom, United States",Man
797,Arieh Warshel,2013,Chemistry,"Israel, United States",Man
798,Peter W. Higgs,2013,Physics,United Kingdom,Man
799,Eugene F. Fama,2013,Economics,United States,Man
800,Lars Peter Hansen,2013,Economics,United States,Man
801,Robert J. Shiller,2013,Economics,United States,Man
802,James E. Rothman,2013,Physiology or Medicine,United States,Man
803,Randy W. Schekman,2013,Physiology or Medicine,United States,Man
804,Jean Tirole,2014,Economics,France,Man
805,Patrick Modiano,2014,Literature,France,Man
806,Stefan Hell,2014,Chemistry,"Germany, Romania",Man
807,Kailash Satyarthi,2014,Peace,India,Man
808,Hiroshi Amano,2014,Physics,Japan,Man
809,Isamu Akasaki,2014,Physics,Japan,Man
810,Shuji Nakamura,2014,Physics,"Japan, United States",Man
811,Edvard Moser,2014,Physiology or Medicine,Norway,Man
812,John O'Keefe,2014,Physiology or Medicine,"United Kingdom, United States",Man
813,Eric Betzig,2014,Chemistry,United States,Man
814,William Moerner,2014,Chemistry,United States,Man
815,Arthur B. McDonald,2015,Physics,Canada,Man
816,William C. Campbell,2015,Physiology or Medicine,"Ireland, United States",Man
817,Satoshi Ōmura,2015,Physiology or Medicine,Japan,Man
818,Takaaki Kajita,2015,Physics,Japan,Man
819,Tomas Lindahl,2015,Chemistry,"Sweden, United Kingdom",Man
820,Aziz Sancar,2015,Chemistry,"Turkey, United States",Man
821,Angus Deaton,2015,Economics,"United Kingdom, United States",Man
822,Paul L. Modrich,2015,Chemistry,United States,Man
823,Duncan Haldane,2016,Physics,"United Kingdom, United States",Man
824,Juan Manuel Santos,2016,Peace,Colombia,Man
825,Bengt R. Holmström,2016,Economics,Finland,Man
826,Jean-Pierre Sauvage,2016,Chemistry,France,Man
827,Yoshinori Ohsumi,2016,Physiology or Medicine,Japan,Man
828,Ben Feringa,2016,Chemistry,Netherlands,Man
829,David J. Thouless,2016,Physics,United Kingdom,Man
830,Fraser Stoddart,2016,Chemistry,"United Kingdom, United States",Man
831,John M. Kosterlitz,2016,Physics,"United Kingdom, United States",Man
832,Oliver Hart,2016,Economics,"United Kingdom, United States",Man
833,Bob Dylan,2016,Literature,United States,Man
834,Joachim Frank,2017,Chemistry,"Germany, United States",Man
835,Rainer Weiss,2017,Physics,"Germany, United States",Man
836,Kazuo Ishiguro,2017,Literature,"Japan, United Kingdom",Man
837,Jacques Dubochet,2017,Chemistry,Switzerland,Man
838,Richard Henderson,2017,Chemistry,United Kingdom,Man
839,Barry Barish,2017,Physics,United States,Man
840,Jeffrey C. Hall,2017,Physiology or Medicine,United States,Man
841,Kip Thorne,2017,Physics,United States,Man
842,Michael Rosbash,2017,Physiology or Medicine,United States,Man
843,Michael W. Young,2017,Physiology or Medicine,United States,Man
844,Richard Thaler,2017,Economics,United States,Man
845,Denis Mukwege,2018,Peace,"Congo, Democratic Republic",Man
846,Gérard Mourou,2018,Physics,France,Man
847,Tasuku Honjo,2018,Physiology or Medicine,Japan,Man
848,Greg Winter,2018,Chemistry,United Kingdom,Man
849,Arthur Ashkin,2018,Physics,United States,Man
850,George P. Smith,2018,Chemistry,United States,Man
851,James P. Allison,2018,Physiology or Medicine,United States,Man
852,"William Nordhaus
Paul Romer",2018,Economics,United States,Man
853,James Peebles,2019,Physics,"Canada, United States",Man
854,Peter Handke,2019,Literature,Austria,Man
855,Abiy Ahmed,2019,Peace,Ethiopia,Man
856,Abhijit Banerjee,2019,Economics,"India, United States",Man
857,Akira Yoshino,2019,Chemistry,Japan,Man
858,Didier Queloz,2019,Physics,Switzerland,Man
859,Michel Mayor,2019,Physics,Switzerland,Man
860,Peter J. Ratcliffe,2019,Physiology or Medicine,United Kingdom,Man
861,M. Stanley Whittingham,2019,Chemistry,"United Kingdom, United States",Man
862,Gregg L. Semenza,2019,Physiology or Medicine,United States,Man
863,John B. Goodenough,2019,Chemistry,United States,Man
864,Michael Kremer,2019,Economics,United States,Man
865,William Kaelin Jr.,2019,Physiology or Medicine,United States,Man
866,Institut de Droit International,1904,Peace,Belgium,Organization
867,International Peace Bureau,1910,Peace,-,Organization
868,International Committee of the Red Cross,1917,Peace,-,Organization
869,The Viscount Cecil of Chelwood,1937,Peace,United Kingdom,Organization
870,Nansen International Office For Refugees,1938,Peace,-,Organization
871,International Committee of the Red Cross,1944,Peace,-,Organization
872,Friends Service Council,1947,Peace,United Kingdom,Organization
873,American Friends Service Committee,1947,Peace,United States,Organization
874,United Nations High Commissioner for Refugees,1954,Peace,-,Organization
875,International Committee of the Red Cross,1963,Peace,-,Organization
876,League of Red Cross societies,1963,Peace,-,Organization
877,United Nations International Children's Emergency Fund,1965,Peace,-,Organization
878,International Labour Organization,1969,Peace,-,Organization
879,Amnesty International,1977,Peace,United Kingdom,Organization
880,United Nations High Commissioner for Refugees,1981,Peace,-,Organization
881,International Physicians for the Prevention of Nuclear War,1985,Peace,-,Organization
882,United Nations Peace-Keeping Forces,1988,Peace,-,Organization
883,Pugwash Conferences on Science and World Affairs,1995,Peace,Canada,Organization
884,International Campaign to Ban Landmines,1997,Peace,-,Organization
885,Médecins Sans Frontières,1999,Peace,France,Organization
886,United Nations,2001,Peace,-,Organization
887,International Atomic Energy Agency,2005,Peace,Austria,Organization
888,Grameen Bank,2006,Peace,Bangladesh,Organization
889,Intergovernmental Panel on Climate Change,2007,Peace,-,Organization
890,European Union,2012,Peace,-,Organization
891,Organisation for the Prohibition of Chemical Weapons,2013,Peace,Netherlands,Organization
892,Tunisian National Dialogue Quartet,2015,Peace,Tunisia,Organization
893,International Campaign to Abolish Nuclear Weapons,2017,Peace,-,Organization
894,Ada Yonath,2009,Chemistry,Israel,Woman
895,Alice Munro,2013,Literature,Canada,Woman
896,Alva Myrdal,1982,Peace,Sweden,Woman
897,Aung San Suu Kyi,1991,Peace,Burma,Woman
898,Barbara McClintock,1983,Physiology or Medicine,United States,Woman
899,Bertha von Suttner,1905,Peace,Czech Republic,Woman
900,Betty Williams,1976,Peace,"Ireland, United Kingdom",Woman
901,Carol W. Greider,2009,Physiology or Medicine,United States,Woman
902,Christiane Nüsslein-Volhard,1995,Physiology or Medicine,Germany,Woman
903,Donna Strickland,2018,Physics,Canada,Woman
904,Doris Lessing,2007,Literature,"Iran, United Kingdom",Woman
905,Dorothy Hodgkin,1964,Chemistry,United Kingdom,Woman
906,Elfriede Jelinek,2004,Literature,Austria,Woman
907,Elinor Ostrom,2009,Economics,United States,Woman
908,Elizabeth Blackburn,2009,Physiology or Medicine,"Australia, United States",Woman
909,Ellen Johnson Sirleaf,2011,Peace,Liberia,Woman
910,Emily Greene Balch,1946,Peace,United States,Woman
911,Esther Duflo,2019,Economics,"France, United States",Woman
912,Frances H. Arnold,2018,Chemistry,United States,Woman
913,Françoise Barré-Sinoussi,2008,Physiology or Medicine,France,Woman
914,Gabriela Mistral,1945,Literature,Chile,Woman
915,Gertrude B. Elion,1988,Physiology or Medicine,United States,Woman
916,Gerty Cori,1947,Physiology or Medicine,"Czech Republic, United States",Woman
917,Grazia Deledda,1926,Literature,Italy,Woman
918,Herta Müller,2009,Literature,"Germany, Romania",Woman
919,Irène Joliot-Curie,1935,Chemistry,France,Woman
920,Jane Addams,1931,Peace,United States,Woman
921,Jody Williams,1997,Peace,United States,Woman
922,Leymah Gbowee,2011,Peace,Liberia,Woman
923,Linda B. Buck,2004,Physiology or Medicine,United States,Woman
924,Mairead Maguire,1976,Peace,"Ireland, United Kingdom",Woman
925,Malala Yousafzai,2014,Peace,Pakistan,Woman
926,Maria Goeppert-Mayer,1963,Physics,"Germany, United States",Woman
927,Marie Skłodowska-Curie,1903,Physics,"France, Poland",Woman
928,Marie Skłodowska-Curie,1911,Chemistry,"France, Poland",Woman
929,May-Britt Moser,2014,Physiology or Medicine,Norway,Woman
930,Mother Teresa,1979,Peace,"India, North Macedonia",Woman
931,Nadia Murad,2018,Peace,Iraq,Woman
932,Nadine Gordimer,1991,Literature,South Africa,Woman
933,Nelly Sachs,1966,Literature,"Germany, Sweden",Woman
934,Olga Tokarczuk,2018,Literature,Poland,Woman
935,Pearl S. Buck,1938,Literature,United States,Woman
936,Rigoberta Menchú,1992,Peace,Guatemala,Woman
937,Rita Levi-Montalcini,1986,Physiology or Medicine,"Italy, United States",Woman
938,Rosalyn Sussman Yalow,1977,Physiology or Medicine,United States,Woman
939,Selma Lagerlöf,1909,Literature,Sweden,Woman
940,Shirin Ebadi,2003,Peace,Iran,Woman
941,Sigrid Undset,1928,Literature,Norway,Woman
942,Svetlana Alexievich,2015,Literature,"Belarus, Ukraine",Woman
943,Tawakkol Karman,2011,Peace,Yemen,Woman
944,Toni Morrison,1993,Literature,United States,Woman
945,Tu Youyou,2015,Physiology or Medicine,China,Woman
946,Wangari Maathai,2004,Peace,Kenya,Woman
947,Wisława Szymborska,1996,Literature,Poland,Woman
